[
{
  "model": "admin.logentry",
  "pk": 1,
  "fields": {
    "action_time": "2026-03-01T15:13:01.316Z",
    "user": 1,
    "content_type": 6,
    "object_id": "1",
    "object_repr": "Gold Standard 100% Whey Protein Powder",
    "action_flag": 1,
    "change_message": "[{\"added\": {}}]"
  }
},
{
  "model": "admin.logentry",
  "pk": 2,
  "fields": {
    "action_time": "2026-03-01T15:14:27.573Z",
    "user": 1,
    "content_type": 6,
    "object_id": "2",
    "object_repr": "Musashi Whey Isolate NZ | Lean Protein & Recovery",
    "action_flag": 1,
    "change_message": "[{\"added\": {}}]"
  }
},
{
  "model": "admin.logentry",
  "pk": 3,
  "fields": {
    "action_time": "2026-03-01T15:16:22.988Z",
    "user": 1,
    "content_type": 6,
    "object_id": "3",
    "object_repr": "Musashi High Protein Bar NZ | 45g Protein Snack",
    "action_flag": 1,
    "change_message": "[{\"added\": {}}]"
  }
},
{
  "model": "admin.logentry",
  "pk": 4,
  "fields": {
    "action_time": "2026-03-01T15:17:52.566Z",
    "user": 1,
    "content_type": 6,
    "object_id": "4",
    "object_repr": "Balance Plant Protein",
    "action_flag": 1,
    "change_message": "[{\"added\": {}}]"
  }
},
{
  "model": "admin.logentry",
  "pk": 5,
  "fields": {
    "action_time": "2026-03-01T15:19:06.509Z",
    "user": 1,
    "content_type": 6,
    "object_id": "5",
    "object_repr": "Optimum Nutrition Gold Standard Isolate NZ | Whey Isolate",
    "action_flag": 1,
    "change_message": "[{\"added\": {}}]"
  }
},
{
  "model": "admin.logentry",
  "pk": 6,
  "fields": {
    "action_time": "2026-03-09T14:21:22.187Z",
    "user": 1,
    "content_type": 8,
    "object_id": "1",
    "object_repr": "euiseokjeongnz@gmail.com",
    "action_flag": 2,
    "change_message": "[{\"changed\": {\"fields\": [\"Last login\", \"Name\"]}}]"
  }
},
{
  "model": "admin.logentry",
  "pk": 7,
  "fields": {
    "action_time": "2026-03-09T15:45:19.750Z",
    "user": 1,
    "content_type": 8,
    "object_id": "1",
    "object_repr": "euiseokjeongnz@gmail.com",
    "action_flag": 2,
    "change_message": "[{\"changed\": {\"fields\": [\"Last login\"]}}]"
  }
},
{
  "model": "admin.logentry",
  "pk": 8,
  "fields": {
    "action_time": "2026-03-10T11:49:18.345Z",
    "user": 1,
    "content_type": 8,
    "object_id": "2",
    "object_repr": "test_user@gmail.com",
    "action_flag": 1,
    "change_message": "[{\"added\": {}}]"
  }
},
{
  "model": "admin.logentry",
  "pk": 9,
  "fields": {
    "action_time": "2026-03-10T11:50:00.466Z",
    "user": 1,
    "content_type": 8,
    "object_id": "1",
    "object_repr": "euiseokjeongnz@gmail.com",
    "action_flag": 2,
    "change_message": "[]"
  }
},
{
  "model": "admin.logentry",
  "pk": 10,
  "fields": {
    "action_time": "2026-03-10T11:50:56.274Z",
    "user": 1,
    "content_type": 8,
    "object_id": "2",
    "object_repr": "test_user@gmail.com",
    "action_flag": 2,
    "change_message": "[{\"changed\": {\"fields\": [\"Is staff\"]}}]"
  }
},
{
  "model": "admin.logentry",
  "pk": 11,
  "fields": {
    "action_time": "2026-03-10T11:54:47.926Z",
    "user": 1,
    "content_type": 8,
    "object_id": "2",
    "object_repr": "test_user@gmail.com",
    "action_flag": 2,
    "change_message": "[{\"changed\": {\"fields\": [\"Superuser status\"]}}]"
  }
},
{
  "model": "admin.logentry",
  "pk": 12,
  "fields": {
    "action_time": "2026-03-10T11:54:53.561Z",
    "user": 1,
    "content_type": 8,
    "object_id": "2",
    "object_repr": "test_user@gmail.com",
    "action_flag": 2,
    "change_message": "[]"
  }
},
{
  "model": "admin.logentry",
  "pk": 13,
  "fields": {
    "action_time": "2026-03-10T11:58:10.718Z",
    "user": 1,
    "content_type": 8,
    "object_id": "2",
    "object_repr": "test_user@gmail.com",
    "action_flag": 3,
    "change_message": ""
  }
},
{
  "model": "admin.logentry",
  "pk": 14,
  "fields": {
    "action_time": "2026-03-10T12:00:25.424Z",
    "user": 1,
    "content_type": 8,
    "object_id": "3",
    "object_repr": "test_user@gmail.com",
    "action_flag": 2,
    "change_message": "[{\"changed\": {\"fields\": [\"Name\"]}}]"
  }
},
{
  "model": "admin.logentry",
  "pk": 15,
  "fields": {
    "action_time": "2026-03-11T16:20:52.595Z",
    "user": 1,
    "content_type": 9,
    "object_id": "1",
    "object_repr": "test_user0@gmail.com - test recipient",
    "action_flag": 1,
    "change_message": "[{\"added\": {}}]"
  }
},
{
  "model": "admin.logentry",
  "pk": 16,
  "fields": {
    "action_time": "2026-03-11T16:21:57.083Z",
    "user": 1,
    "content_type": 9,
    "object_id": "2",
    "object_repr": "test_user0@gmail.com - test recipient 1",
    "action_flag": 1,
    "change_message": "[{\"added\": {}}]"
  }
},
{
  "model": "admin.logentry",
  "pk": 17,
  "fields": {
    "action_time": "2026-03-12T11:55:11.557Z",
    "user": 1,
    "content_type": 9,
    "object_id": "3",
    "object_repr": "test_user@gmail.com - test user recipient",
    "action_flag": 1,
    "change_message": "[{\"added\": {}}]"
  }
},
{
  "model": "admin.logentry",
  "pk": 18,
  "fields": {
    "action_time": "2026-03-12T12:08:07.968Z",
    "user": 1,
    "content_type": 9,
    "object_id": "3",
    "object_repr": "test_user@gmail.com - test user recipient",
    "action_flag": 2,
    "change_message": "[{\"changed\": {\"fields\": [\"Is default\"]}}]"
  }
},
{
  "model": "admin.logentry",
  "pk": 19,
  "fields": {
    "action_time": "2026-03-12T12:32:41.958Z",
    "user": 1,
    "content_type": 9,
    "object_id": "2",
    "object_repr": "test_user0@gmail.com - test recipient 00",
    "action_flag": 2,
    "change_message": "[{\"changed\": {\"fields\": [\"Recipient\"]}}]"
  }
},
{
  "model": "admin.logentry",
  "pk": 20,
  "fields": {
    "action_time": "2026-03-12T12:32:45.174Z",
    "user": 1,
    "content_type": 9,
    "object_id": "1",
    "object_repr": "test_user0@gmail.com - test recipient 01",
    "action_flag": 2,
    "change_message": "[{\"changed\": {\"fields\": [\"Recipient\"]}}]"
  }
},
{
  "model": "admin.logentry",
  "pk": 21,
  "fields": {
    "action_time": "2026-03-13T09:43:26.675Z",
    "user": 1,
    "content_type": 9,
    "object_id": "3",
    "object_repr": "test_user@gmail.com - test user recipient",
    "action_flag": 2,
    "change_message": "[]"
  }
},
{
  "model": "admin.logentry",
  "pk": 22,
  "fields": {
    "action_time": "2026-03-14T08:00:46.098Z",
    "user": 1,
    "content_type": 6,
    "object_id": "2",
    "object_repr": "Musashi Whey Isolate NZ | Lean Protein & Recovery",
    "action_flag": 2,
    "change_message": "[{\"changed\": {\"fields\": [\"Final price\"]}}]"
  }
},
{
  "model": "admin.logentry",
  "pk": 23,
  "fields": {
    "action_time": "2026-03-14T08:01:02.455Z",
    "user": 1,
    "content_type": 6,
    "object_id": "2",
    "object_repr": "Musashi Whey Isolate NZ | Lean Protein & Recovery",
    "action_flag": 2,
    "change_message": "[{\"changed\": {\"fields\": [\"Final price\"]}}]"
  }
},
{
  "model": "admin.logentry",
  "pk": 24,
  "fields": {
    "action_time": "2026-03-15T12:44:27.529Z",
    "user": 1,
    "content_type": 11,
    "object_id": "1",
    "object_repr": "PP-20260314163449-3",
    "action_flag": 2,
    "change_message": "[{\"changed\": {\"fields\": [\"Status\"]}}]"
  }
},
{
  "model": "admin.logentry",
  "pk": 25,
  "fields": {
    "action_time": "2026-03-15T12:44:42.380Z",
    "user": 1,
    "content_type": 11,
    "object_id": "2",
    "object_repr": "PP-20260314164444-3",
    "action_flag": 2,
    "change_message": "[{\"changed\": {\"fields\": [\"Status\"]}}]"
  }
},
{
  "model": "admin.logentry",
  "pk": 26,
  "fields": {
    "action_time": "2026-03-15T12:44:58.395Z",
    "user": 1,
    "content_type": 11,
    "object_id": "3",
    "object_repr": "PP-20260314165104-3",
    "action_flag": 2,
    "change_message": "[{\"changed\": {\"fields\": [\"Status\"]}}]"
  }
},
{
  "model": "admin.logentry",
  "pk": 27,
  "fields": {
    "action_time": "2026-03-15T12:45:10.933Z",
    "user": 1,
    "content_type": 11,
    "object_id": "4",
    "object_repr": "PP-20260315010450-3",
    "action_flag": 2,
    "change_message": "[{\"changed\": {\"fields\": [\"Status\"]}}]"
  }
},
{
  "model": "admin.logentry",
  "pk": 28,
  "fields": {
    "action_time": "2026-03-21T10:33:19.575Z",
    "user": 1,
    "content_type": 10,
    "object_id": "9",
    "object_repr": "PP-20260321103120-7",
    "action_flag": 3,
    "change_message": ""
  }
},
{
  "model": "admin.logentry",
  "pk": 29,
  "fields": {
    "action_time": "2026-03-22T15:56:02.659Z",
    "user": 1,
    "content_type": 6,
    "object_id": "4",
    "object_repr": "Balance Plant Protein",
    "action_flag": 2,
    "change_message": "[{\"changed\": {\"fields\": [\"Ratings\"]}}]"
  }
},
{
  "model": "admin.logentry",
  "pk": 30,
  "fields": {
    "action_time": "2026-03-22T16:19:20.263Z",
    "user": 1,
    "content_type": 6,
    "object_id": "1",
    "object_repr": "Gold Standard 100% Whey Protein Powder",
    "action_flag": 2,
    "change_message": "[{\"changed\": {\"fields\": [\"Avg rating\", \"Review count\"]}}]"
  }
},
{
  "model": "admin.logentry",
  "pk": 31,
  "fields": {
    "action_time": "2026-03-22T16:28:46.159Z",
    "user": 1,
    "content_type": 6,
    "object_id": "1",
    "object_repr": "Gold Standard 100% Whey Protein Powder",
    "action_flag": 2,
    "change_message": "[]"
  }
},
{
  "model": "admin.logentry",
  "pk": 32,
  "fields": {
    "action_time": "2026-03-22T16:29:20.919Z",
    "user": 1,
    "content_type": 6,
    "object_id": "5",
    "object_repr": "Optimum Nutrition Gold Standard Isolate NZ | Whey Isolate",
    "action_flag": 2,
    "change_message": "[{\"changed\": {\"fields\": [\"Avg rating\", \"Review count\"]}}]"
  }
},
{
  "model": "auth.permission",
  "pk": 1,
  "fields": {
    "name": "Can add log entry",
    "content_type": 1,
    "codename": "add_logentry"
  }
},
{
  "model": "auth.permission",
  "pk": 2,
  "fields": {
    "name": "Can change log entry",
    "content_type": 1,
    "codename": "change_logentry"
  }
},
{
  "model": "auth.permission",
  "pk": 3,
  "fields": {
    "name": "Can delete log entry",
    "content_type": 1,
    "codename": "delete_logentry"
  }
},
{
  "model": "auth.permission",
  "pk": 4,
  "fields": {
    "name": "Can view log entry",
    "content_type": 1,
    "codename": "view_logentry"
  }
},
{
  "model": "auth.permission",
  "pk": 5,
  "fields": {
    "name": "Can add permission",
    "content_type": 2,
    "codename": "add_permission"
  }
},
{
  "model": "auth.permission",
  "pk": 6,
  "fields": {
    "name": "Can change permission",
    "content_type": 2,
    "codename": "change_permission"
  }
},
{
  "model": "auth.permission",
  "pk": 7,
  "fields": {
    "name": "Can delete permission",
    "content_type": 2,
    "codename": "delete_permission"
  }
},
{
  "model": "auth.permission",
  "pk": 8,
  "fields": {
    "name": "Can view permission",
    "content_type": 2,
    "codename": "view_permission"
  }
},
{
  "model": "auth.permission",
  "pk": 9,
  "fields": {
    "name": "Can add group",
    "content_type": 3,
    "codename": "add_group"
  }
},
{
  "model": "auth.permission",
  "pk": 10,
  "fields": {
    "name": "Can change group",
    "content_type": 3,
    "codename": "change_group"
  }
},
{
  "model": "auth.permission",
  "pk": 11,
  "fields": {
    "name": "Can delete group",
    "content_type": 3,
    "codename": "delete_group"
  }
},
{
  "model": "auth.permission",
  "pk": 12,
  "fields": {
    "name": "Can view group",
    "content_type": 3,
    "codename": "view_group"
  }
},
{
  "model": "auth.permission",
  "pk": 13,
  "fields": {
    "name": "Can add content type",
    "content_type": 4,
    "codename": "add_contenttype"
  }
},
{
  "model": "auth.permission",
  "pk": 14,
  "fields": {
    "name": "Can change content type",
    "content_type": 4,
    "codename": "change_contenttype"
  }
},
{
  "model": "auth.permission",
  "pk": 15,
  "fields": {
    "name": "Can delete content type",
    "content_type": 4,
    "codename": "delete_contenttype"
  }
},
{
  "model": "auth.permission",
  "pk": 16,
  "fields": {
    "name": "Can view content type",
    "content_type": 4,
    "codename": "view_contenttype"
  }
},
{
  "model": "auth.permission",
  "pk": 17,
  "fields": {
    "name": "Can add session",
    "content_type": 5,
    "codename": "add_session"
  }
},
{
  "model": "auth.permission",
  "pk": 18,
  "fields": {
    "name": "Can change session",
    "content_type": 5,
    "codename": "change_session"
  }
},
{
  "model": "auth.permission",
  "pk": 19,
  "fields": {
    "name": "Can delete session",
    "content_type": 5,
    "codename": "delete_session"
  }
},
{
  "model": "auth.permission",
  "pk": 20,
  "fields": {
    "name": "Can view session",
    "content_type": 5,
    "codename": "view_session"
  }
},
{
  "model": "auth.permission",
  "pk": 21,
  "fields": {
    "name": "Can add product",
    "content_type": 6,
    "codename": "add_product"
  }
},
{
  "model": "auth.permission",
  "pk": 22,
  "fields": {
    "name": "Can change product",
    "content_type": 6,
    "codename": "change_product"
  }
},
{
  "model": "auth.permission",
  "pk": 23,
  "fields": {
    "name": "Can delete product",
    "content_type": 6,
    "codename": "delete_product"
  }
},
{
  "model": "auth.permission",
  "pk": 24,
  "fields": {
    "name": "Can view product",
    "content_type": 6,
    "codename": "view_product"
  }
},
{
  "model": "auth.permission",
  "pk": 25,
  "fields": {
    "name": "Can add product image",
    "content_type": 7,
    "codename": "add_productimage"
  }
},
{
  "model": "auth.permission",
  "pk": 26,
  "fields": {
    "name": "Can change product image",
    "content_type": 7,
    "codename": "change_productimage"
  }
},
{
  "model": "auth.permission",
  "pk": 27,
  "fields": {
    "name": "Can delete product image",
    "content_type": 7,
    "codename": "delete_productimage"
  }
},
{
  "model": "auth.permission",
  "pk": 28,
  "fields": {
    "name": "Can view product image",
    "content_type": 7,
    "codename": "view_productimage"
  }
},
{
  "model": "auth.permission",
  "pk": 29,
  "fields": {
    "name": "Can add user",
    "content_type": 8,
    "codename": "add_user"
  }
},
{
  "model": "auth.permission",
  "pk": 30,
  "fields": {
    "name": "Can change user",
    "content_type": 8,
    "codename": "change_user"
  }
},
{
  "model": "auth.permission",
  "pk": 31,
  "fields": {
    "name": "Can delete user",
    "content_type": 8,
    "codename": "delete_user"
  }
},
{
  "model": "auth.permission",
  "pk": 32,
  "fields": {
    "name": "Can view user",
    "content_type": 8,
    "codename": "view_user"
  }
},
{
  "model": "auth.permission",
  "pk": 33,
  "fields": {
    "name": "Can add address",
    "content_type": 9,
    "codename": "add_address"
  }
},
{
  "model": "auth.permission",
  "pk": 34,
  "fields": {
    "name": "Can change address",
    "content_type": 9,
    "codename": "change_address"
  }
},
{
  "model": "auth.permission",
  "pk": 35,
  "fields": {
    "name": "Can delete address",
    "content_type": 9,
    "codename": "delete_address"
  }
},
{
  "model": "auth.permission",
  "pk": 36,
  "fields": {
    "name": "Can view address",
    "content_type": 9,
    "codename": "view_address"
  }
},
{
  "model": "auth.permission",
  "pk": 37,
  "fields": {
    "name": "Can add order",
    "content_type": 10,
    "codename": "add_order"
  }
},
{
  "model": "auth.permission",
  "pk": 38,
  "fields": {
    "name": "Can change order",
    "content_type": 10,
    "codename": "change_order"
  }
},
{
  "model": "auth.permission",
  "pk": 39,
  "fields": {
    "name": "Can delete order",
    "content_type": 10,
    "codename": "delete_order"
  }
},
{
  "model": "auth.permission",
  "pk": 40,
  "fields": {
    "name": "Can view order",
    "content_type": 10,
    "codename": "view_order"
  }
},
{
  "model": "auth.permission",
  "pk": 41,
  "fields": {
    "name": "Can add order item",
    "content_type": 11,
    "codename": "add_orderitem"
  }
},
{
  "model": "auth.permission",
  "pk": 42,
  "fields": {
    "name": "Can change order item",
    "content_type": 11,
    "codename": "change_orderitem"
  }
},
{
  "model": "auth.permission",
  "pk": 43,
  "fields": {
    "name": "Can delete order item",
    "content_type": 11,
    "codename": "delete_orderitem"
  }
},
{
  "model": "auth.permission",
  "pk": 44,
  "fields": {
    "name": "Can view order item",
    "content_type": 11,
    "codename": "view_orderitem"
  }
},
{
  "model": "auth.permission",
  "pk": 45,
  "fields": {
    "name": "Can add review",
    "content_type": 12,
    "codename": "add_review"
  }
},
{
  "model": "auth.permission",
  "pk": 46,
  "fields": {
    "name": "Can change review",
    "content_type": 12,
    "codename": "change_review"
  }
},
{
  "model": "auth.permission",
  "pk": 47,
  "fields": {
    "name": "Can delete review",
    "content_type": 12,
    "codename": "delete_review"
  }
},
{
  "model": "auth.permission",
  "pk": 48,
  "fields": {
    "name": "Can view review",
    "content_type": 12,
    "codename": "view_review"
  }
},
{
  "model": "contenttypes.contenttype",
  "pk": 1,
  "fields": {
    "app_label": "admin",
    "model": "logentry"
  }
},
{
  "model": "contenttypes.contenttype",
  "pk": 2,
  "fields": {
    "app_label": "auth",
    "model": "permission"
  }
},
{
  "model": "contenttypes.contenttype",
  "pk": 3,
  "fields": {
    "app_label": "auth",
    "model": "group"
  }
},
{
  "model": "contenttypes.contenttype",
  "pk": 4,
  "fields": {
    "app_label": "contenttypes",
    "model": "contenttype"
  }
},
{
  "model": "contenttypes.contenttype",
  "pk": 5,
  "fields": {
    "app_label": "sessions",
    "model": "session"
  }
},
{
  "model": "contenttypes.contenttype",
  "pk": 6,
  "fields": {
    "app_label": "shop",
    "model": "product"
  }
},
{
  "model": "contenttypes.contenttype",
  "pk": 7,
  "fields": {
    "app_label": "shop",
    "model": "productimage"
  }
},
{
  "model": "contenttypes.contenttype",
  "pk": 8,
  "fields": {
    "app_label": "shop",
    "model": "user"
  }
},
{
  "model": "contenttypes.contenttype",
  "pk": 9,
  "fields": {
    "app_label": "shop",
    "model": "address"
  }
},
{
  "model": "contenttypes.contenttype",
  "pk": 10,
  "fields": {
    "app_label": "shop",
    "model": "order"
  }
},
{
  "model": "contenttypes.contenttype",
  "pk": 11,
  "fields": {
    "app_label": "shop",
    "model": "orderitem"
  }
},
{
  "model": "contenttypes.contenttype",
  "pk": 12,
  "fields": {
    "app_label": "shop",
    "model": "review"
  }
},
{
  "model": "sessions.session",
  "pk": "4pe07qljunly29b2c4ah4utkacfl8ic5",
  "fields": {
    "session_data": ".eJxVjEsOAiEQBe_C2hAa-bp07xkIDY2MGkiGmZXx7oZkFrp9VfXeLMR9q2EftIYlswsDdvrdMKYntQnyI7Z756m3bV2QT4UfdPBbz_S6Hu7fQY2jztpb66XBUqwUCpTNkBwQaVt0FArBJAWpnImEE7b4pBG98ZIyKe3Qsc8X2sc36w:1vzdOD:fINUUFeYNlk8OBJHOtovsJUI597u77XKZ4dxBbKxb88",
    "expire_date": "2026-03-23T16:23:29.051Z"
  }
},
{
  "model": "sessions.session",
  "pk": "5dhpxhk16e0n6h3f3vs8knzu3za6xj4s",
  "fields": {
    "session_data": ".eJxVjEEOwiAQRe_C2hBghIJL956BDDNUqgaS0q6Md7dNutDtf-_9t4i4LiWuPc9xYnERWpx-t4T0zHUH_MB6b5JaXeYpyV2RB-3y1ji_rof7d1Cwl622mpUhT6QYGDQpozyE7EZtGBAGAmfJ4ug5WM4qDd5k486IwW_MkPh8AdrjN8Q:1w3vjh:B1mDAokmq1BPASFh_OUewaY8MBhHRhpisHkXJ-16hEI",
    "expire_date": "2026-04-04T12:47:25.690Z"
  }
},
{
  "model": "sessions.session",
  "pk": "707vzxm2nt2vh26tbwdlthz2v72kwryb",
  "fields": {
    "session_data": ".eJxVjEsOAiEQBe_C2hAa-bp07xkIDY2MGkiGmZXx7oZkFrp9VfXeLMR9q2EftIYlswsDdvrdMKYntQnyI7Z756m3bV2QT4UfdPBbz_S6Hu7fQY2jztpb66XBUqwUCpTNkBwQaVt0FArBJAWpnImEE7b4pBG98ZIyKe3Qsc8X2sc36w:1vzcn7:GW6Swsol5aS7GYk8ATik-WPFq3FHhfvSQgR8rA6bkGQ",
    "expire_date": "2026-03-23T15:45:09.291Z"
  }
},
{
  "model": "sessions.session",
  "pk": "blevwemhr58z7xottein6b8al9rttsv7",
  "fields": {
    "session_data": ".eJxVjEsOAiEQBe_C2hAa-bp07xkIDY2MGkiGmZXx7oZkFrp9VfXeLMR9q2EftIYlswsDdvrdMKYntQnyI7Z756m3bV2QT4UfdPBbz_S6Hu7fQY2jztpb66XBUqwUCpTNkBwQaVt0FArBJAWpnImEE7b4pBG98ZIyKe3Qsc8X2sc36w:1vzdXc:jajj34Pgi0PNdeF34aCM1BCrTaQwK0DoT_QcRzLO34o",
    "expire_date": "2026-03-23T16:33:12.207Z"
  }
},
{
  "model": "sessions.session",
  "pk": "dil52sr6ddrl2rs9itutmrgtf2smk3bo",
  "fields": {
    "session_data": ".eJxVjEEOwiAQRe_C2hBghIJL956BDDNUqgaS0q6Md7dNutDtf-_9t4i4LiWuPc9xYnERWpx-t4T0zHUH_MB6b5JaXeYpyV2RB-3y1ji_rof7d1Cwl622mpUhT6QYGDQpozyE7EZtGBAGAmfJ4ug5WM4qDd5k486IwW_MkPh8AdrjN8Q:1w3vGw:FUsuzl6iIKT4iG9RuFPaT78u7V8DAuc5QTb5JicRzlI",
    "expire_date": "2026-04-04T12:17:42.467Z"
  }
},
{
  "model": "sessions.session",
  "pk": "gncvy2y98qhs1wnq1g2ben9st1pio1u7",
  "fields": {
    "session_data": ".eJxVjEsOAiEQBe_C2hAa-bp07xkIDY2MGkiGmZXx7oZkFrp9VfXeLMR9q2EftIYlswsDdvrdMKYntQnyI7Z756m3bV2QT4UfdPBbz_S6Hu7fQY2jztpb66XBUqwUCpTNkBwQaVt0FArBJAWpnImEE7b4pBG98ZIyKe3Qsc8X2sc36w:1w0Kkb:rNTGHemDflubrfFL1OxUpjna_DXE5DkyFS1ZbzRiTQg",
    "expire_date": "2026-03-25T14:41:29.400Z"
  }
},
{
  "model": "sessions.session",
  "pk": "iqfkazhfv6y0fw537o11lfrevy5aei3e",
  "fields": {
    "session_data": ".eJxVjEEOwiAQRe_C2hBghIJL956BDDNUqgaS0q6Md7dNutDtf-_9t4i4LiWuPc9xYnERWpx-t4T0zHUH_MB6b5JaXeYpyV2RB-3y1ji_rof7d1Cwl622mpUhT6QYGDQpozyE7EZtGBAGAmfJ4ug5WM4qDd5k486IwW_MkPh8AdrjN8Q:1w3vjg:ymVpM1EeTBcdQ7LfqPJrHhQ-8JU52ESk2o6fUbgFAFc",
    "expire_date": "2026-04-04T12:47:24.465Z"
  }
},
{
  "model": "sessions.session",
  "pk": "o91h0sav9v1g7yzmz069xl9q31pivzgz",
  "fields": {
    "session_data": ".eJxVjEEOwiAQRe_C2hBghIJL956BDDNUqgaS0q6Md7dNutDtf-_9t4i4LiWuPc9xYnERWpx-t4T0zHUH_MB6b5JaXeYpyV2RB-3y1ji_rof7d1Cwl622mpUhT6QYGDQpozyE7EZtGBAGAmfJ4ug5WM4qDd5k486IwW_MkPh8AdrjN8Q:1w2Ccn:H-YmqxJj1ChRG9hrcDACilIWZWAnAnuJ5fy06Roebm0",
    "expire_date": "2026-03-30T18:25:09.692Z"
  }
},
{
  "model": "sessions.session",
  "pk": "wlpizmr1u6dz183aam27oh9i9icajtvy",
  "fields": {
    "session_data": ".eJxVjEsOAiEQBe_C2hAa-bp07xkIDY2MGkiGmZXx7oZkFrp9VfXeLMR9q2EftIYlswsDdvrdMKYntQnyI7Z756m3bV2QT4UfdPBbz_S6Hu7fQY2jztpb66XBUqwUCpTNkBwQaVt0FArBJAWpnImEE7b4pBG98ZIyKe3Qsc8X2sc36w:1vwiJg:qAwznPxhiPXsanoYlFYAOPrANoTi1AE6Uxz--00Wa9w",
    "expire_date": "2026-03-15T15:02:44.411Z"
  }
},
{
  "model": "shop.product",
  "pk": 1,
  "fields": {
    "tag": "hero-product",
    "tagline": "Fuel your body with clean protein every day.",
    "brand": "Optimum Nutrition",
    "title": "Gold Standard 100% Whey Protein Powder",
    "info": "High-quality whey protein powder with rich chocolate flavor",
    "category": "Whey Protein",
    "flavor": "Chocolate",
    "weight": "2 lb (907g)",
    "serve": "30.4g (1 scoop)",
    "final_price": "99.00",
    "original_price": "119.00",
    "stock": 23,
    "avg_rating": 2.5,
    "review_count": 25,
    "is_active": true,
    "created_at": "2026-03-01T15:13:01.313Z"
  }
},
{
  "model": "shop.product",
  "pk": 2,
  "fields": {
    "tag": "featured-product",
    "tagline": "",
    "brand": "Musashi",
    "title": "Musashi Whey Isolate NZ | Lean Protein & Recovery",
    "info": "Musashi High Whey Protein is a premium blend delivering a massive 30g+ of protein per serve to support muscle recovery, growth, and performance",
    "category": "Whey Isolate",
    "flavor": "Chocolate",
    "weight": "2 lb (907g)",
    "serve": "30.4g (1 scoop)",
    "final_price": "95.00",
    "original_price": "109.00",
    "stock": 74,
    "avg_rating": 0.0,
    "review_count": 200,
    "is_active": true,
    "created_at": "2026-03-01T15:14:27.569Z"
  }
},
{
  "model": "shop.product",
  "pk": 3,
  "fields": {
    "tag": "featured-product",
    "tagline": "",
    "brand": "Musashi",
    "title": "Musashi High Protein Bar NZ | 45g Protein Snack",
    "info": "Musashi High Protein Bars deliver a massive protein hit in a delicious, satisfying bar",
    "category": "Protein Bars",
    "flavor": "Choco Lemon Cheesecake",
    "weight": "",
    "serve": "44g (1 bar)",
    "final_price": "29.00",
    "original_price": "39.00",
    "stock": 296,
    "avg_rating": 0.0,
    "review_count": 50,
    "is_active": true,
    "created_at": "2026-03-01T15:16:22.984Z"
  }
},
{
  "model": "shop.product",
  "pk": 4,
  "fields": {
    "tag": "featured-product",
    "tagline": "",
    "brand": "Balance",
    "title": "Balance Plant Protein",
    "info": "Balance Plant Protein is a natural and vegan friendly smooth blend of pea protein, organic brown rice protein concentrate, chia protein and sacha inchi powder",
    "category": "Plant Protein",
    "flavor": "Vanilla",
    "weight": "440g",
    "serve": "30g (1 scoop)",
    "final_price": "59.00",
    "original_price": "79.00",
    "stock": 48,
    "avg_rating": 0.0,
    "review_count": 51,
    "is_active": true,
    "created_at": "2026-03-01T15:17:52.563Z"
  }
},
{
  "model": "shop.product",
  "pk": 5,
  "fields": {
    "tag": "hero-product",
    "tagline": "Power up with pure protein, daily",
    "brand": "Optimum Nutrition",
    "title": "Optimum Nutrition Gold Standard Isolate NZ | Whey Isolate",
    "info": "Optimum Nutrition Gold Standard 100% Isolate delivers ultra-clean, fast-digesting whey isolate with minimal fat, carbs, and sugars",
    "category": "Whey Isolate",
    "flavor": "Chocolate",
    "weight": "720G",
    "serve": "30g (1 scoop)",
    "final_price": "109.00",
    "original_price": "139.00",
    "stock": 99,
    "avg_rating": 2.2,
    "review_count": 22,
    "is_active": true,
    "created_at": "2026-03-01T15:19:06.507Z"
  }
},
{
  "model": "shop.productimage",
  "pk": 73,
  "fields": {
    "product": 1,
    "image": "products/1/optimum-whey-protein-choco-1.png"
  }
},
{
  "model": "shop.productimage",
  "pk": 74,
  "fields": {
    "product": 1,
    "image": "products/1/optimum-whey-protein-choco-2.png"
  }
},
{
  "model": "shop.productimage",
  "pk": 75,
  "fields": {
    "product": 1,
    "image": "products/1/optimum-whey-protein-choco-3.png"
  }
},
{
  "model": "shop.productimage",
  "pk": 76,
  "fields": {
    "product": 1,
    "image": "products/1/optimum-whey-protein-choco-4.png"
  }
},
{
  "model": "shop.productimage",
  "pk": 77,
  "fields": {
    "product": 2,
    "image": "products/2/musashi-isolate-protein-choco-1.png"
  }
},
{
  "model": "shop.productimage",
  "pk": 78,
  "fields": {
    "product": 2,
    "image": "products/2/musashi-isolate-protein-choco-2.png"
  }
},
{
  "model": "shop.productimage",
  "pk": 79,
  "fields": {
    "product": 2,
    "image": "products/2/musashi-isolate-protein-choco-3.png"
  }
},
{
  "model": "shop.productimage",
  "pk": 80,
  "fields": {
    "product": 2,
    "image": "products/2/musashi-isolate-protein-choco-4.png"
  }
},
{
  "model": "shop.productimage",
  "pk": 81,
  "fields": {
    "product": 3,
    "image": "products/3/musashi-protein-bar-choco-lemon-cheesecake-1.png"
  }
},
{
  "model": "shop.productimage",
  "pk": 82,
  "fields": {
    "product": 3,
    "image": "products/3/musashi-protein-bar-choco-lemon-cheesecake-2.png"
  }
},
{
  "model": "shop.productimage",
  "pk": 83,
  "fields": {
    "product": 3,
    "image": "products/3/musashi-protein-bar-choco-lemon-cheesecake-3.png"
  }
},
{
  "model": "shop.productimage",
  "pk": 84,
  "fields": {
    "product": 3,
    "image": "products/3/musashi-protein-bar-choco-lemon-cheesecake-4.png"
  }
},
{
  "model": "shop.productimage",
  "pk": 85,
  "fields": {
    "product": 4,
    "image": "products/4/balance-plant-protein-vanila-1.png"
  }
},
{
  "model": "shop.productimage",
  "pk": 86,
  "fields": {
    "product": 4,
    "image": "products/4/balance-plant-protein-vanila-2.png"
  }
},
{
  "model": "shop.productimage",
  "pk": 87,
  "fields": {
    "product": 4,
    "image": "products/4/balance-plant-protein-vanila-3.png"
  }
},
{
  "model": "shop.productimage",
  "pk": 88,
  "fields": {
    "product": 4,
    "image": "products/4/balance-plant-protein-vanila-4.png"
  }
},
{
  "model": "shop.productimage",
  "pk": 89,
  "fields": {
    "product": 5,
    "image": "products/5/optinum-isolate-protein-choco-1.png"
  }
},
{
  "model": "shop.productimage",
  "pk": 90,
  "fields": {
    "product": 5,
    "image": "products/5/optinum-isolate-protein-choco-2.png"
  }
},
{
  "model": "shop.productimage",
  "pk": 91,
  "fields": {
    "product": 5,
    "image": "products/5/optinum-isolate-protein-choco-3.png"
  }
},
{
  "model": "shop.productimage",
  "pk": 92,
  "fields": {
    "product": 5,
    "image": "products/5/optinum-isolate-protein-choco-4.png"
  }
},
{
  "model": "shop.user",
  "pk": 1,
  "fields": {
    "password": "pbkdf2_sha256$600000$XRXOPc3qHMBwHNHsdXbIWz$uocxZ4qYpz/kjmebGl+K5SJXmV6vmQK3g3eI2Kx64zg=",
    "last_login": "2026-03-21T12:47:25.610Z",
    "is_superuser": true,
    "email": "euiseokjeongnz@gmail.com",
    "name": "Euiseok Jeong",
    "phone": null,
    "role": "customer",
    "is_active": true,
    "is_staff": true,
    "created_at": "2026-03-01T15:02:20.874Z",
    "groups": [],
    "user_permissions": []
  }
},
{
  "model": "shop.user",
  "pk": 3,
  "fields": {
    "password": "pbkdf2_sha256$600000$wscgY7xwNcSzudI8GWAcvn$05XXArfQ1k7Kh3m1lg6QvlBrKaRNbQ/PQP9aM09TwAg=",
    "last_login": null,
    "is_superuser": true,
    "email": "test_user@gmail.com",
    "name": "Test User",
    "phone": "0273633954",
    "role": "customer",
    "is_active": true,
    "is_staff": true,
    "created_at": "2026-03-10T11:59:28.174Z",
    "groups": [],
    "user_permissions": []
  }
},
{
  "model": "shop.user",
  "pk": 4,
  "fields": {
    "password": "pbkdf2_sha256$600000$GIs2NL91O1zl68ZqMYBV4t$li+ZWPAe2ZbzvYHvNXfp1sBAu3ijzNHU7t8fnrRI7ag=",
    "last_login": null,
    "is_superuser": false,
    "email": "test_user0@gmail.com",
    "name": "test user0",
    "phone": "0271231234",
    "role": "customer",
    "is_active": true,
    "is_staff": false,
    "created_at": "2026-03-11T15:19:36.192Z",
    "groups": [],
    "user_permissions": []
  }
},
{
  "model": "shop.user",
  "pk": 5,
  "fields": {
    "password": "pbkdf2_sha256$600000$WhFBxJSlQ0Wuqhf22Gz6eT$nMGBKENFGdQB+aFEftS4xA9hHvX8BuIcwhDqvOgi+Hk=",
    "last_login": null,
    "is_superuser": false,
    "email": "jiyunbae26@naver.com",
    "name": "Jiyun Bae",
    "phone": "01049525402",
    "role": "customer",
    "is_active": true,
    "is_staff": false,
    "created_at": "2026-03-20T05:59:36.769Z",
    "groups": [],
    "user_permissions": []
  }
},
{
  "model": "shop.user",
  "pk": 6,
  "fields": {
    "password": "pbkdf2_sha256$600000$ivYidLNZFXkZaOgk5mQO5N$p0S6G8CUleG8df2Bxoo6c1Y4lOjJYQmbjCa0dk9KQHE=",
    "last_login": null,
    "is_superuser": false,
    "email": "ckdwnd9726@naver.com",
    "name": "ŔĚĂ˘Áß",
    "phone": "12343214321",
    "role": "customer",
    "is_active": true,
    "is_staff": false,
    "created_at": "2026-03-20T06:27:41.935Z",
    "groups": [],
    "user_permissions": []
  }
},
{
  "model": "shop.user",
  "pk": 7,
  "fields": {
    "password": "pbkdf2_sha256$600000$K2P0HUm1NCGq3Za3D8bqfr$s+BWeRQVMmAITvPXVZQA417vwOtTYfJznVnHXgHn3lE=",
    "last_login": null,
    "is_superuser": false,
    "email": "otterboom@naver.com",
    "name": "ąŮş¸Çü",
    "phone": "01072283182",
    "role": "customer",
    "is_active": true,
    "is_staff": false,
    "created_at": "2026-03-21T10:29:23.324Z",
    "groups": [],
    "user_permissions": []
  }
},
{
  "model": "shop.address",
  "pk": 1,
  "fields": {
    "user": 4,
    "recipient": "test recipient 01",
    "phone": "0271112222",
    "zip": "1010",
    "addr1": "1010 Grafton Road, CBD, Auckland",
    "addr2": "Room 221",
    "is_default": true,
    "created_at": "2026-03-11T16:20:52.592Z",
    "updated_at": "2026-03-12T12:32:45.173Z"
  }
},
{
  "model": "shop.address",
  "pk": 2,
  "fields": {
    "user": 4,
    "recipient": "test recipient 00",
    "phone": "0215556666",
    "zip": "1010",
    "addr1": "53 Cook St, CBD, Auckland",
    "addr2": "Room 701",
    "is_default": false,
    "created_at": "2026-03-11T16:21:57.080Z",
    "updated_at": "2026-03-12T12:32:41.956Z"
  }
},
{
  "model": "shop.address",
  "pk": 3,
  "fields": {
    "user": 3,
    "recipient": "test user recipient 0",
    "phone": "0217778888",
    "zip": "1010",
    "addr1": "asdf",
    "addr2": "asdf",
    "is_default": true,
    "created_at": "2026-03-12T11:55:11.554Z",
    "updated_at": "2026-03-14T06:45:02.351Z"
  }
},
{
  "model": "shop.address",
  "pk": 4,
  "fields": {
    "user": 3,
    "recipient": "test user recipient 1",
    "phone": "0271112222",
    "zip": "1234",
    "addr1": "testing address",
    "addr2": "",
    "is_default": false,
    "created_at": "2026-03-13T10:20:07.137Z",
    "updated_at": "2026-03-14T06:44:45.336Z"
  }
},
{
  "model": "shop.address",
  "pk": 5,
  "fields": {
    "user": 7,
    "recipient": "ąŮş¸",
    "phone": "¸ŰĂ»ŔĚ",
    "zip": "¤»¤»",
    "addr1": "¤»¤»",
    "addr2": "¤»¤»",
    "is_default": false,
    "created_at": "2026-03-21T10:31:03.326Z",
    "updated_at": "2026-03-21T10:31:03.326Z"
  }
},
{
  "model": "shop.order",
  "pk": 1,
  "fields": {
    "user": 3,
    "order_number": "PP-20260314163449-3",
    "status": "paid",
    "subtotal": "190.00",
    "shipping_fee": "0.00",
    "discount": "0.00",
    "total": "190.00",
    "shipping_snapshot": {
      "zip": "1010",
      "addr1": "asdf",
      "addr2": "asdf",
      "phone": "0217778888",
      "recipient": "test user recipient 0"
    },
    "created_at": "2026-03-14T07:34:49.157Z",
    "updated_at": "2026-03-15T12:44:27.526Z"
  }
},
{
  "model": "shop.order",
  "pk": 2,
  "fields": {
    "user": 3,
    "order_number": "PP-20260314164444-3",
    "status": "shipped",
    "subtotal": "99.00",
    "shipping_fee": "0.00",
    "discount": "0.00",
    "total": "99.00",
    "shipping_snapshot": {
      "zip": "1010",
      "addr1": "asdf",
      "addr2": "asdf",
      "phone": "0217778888",
      "recipient": "test user recipient 0"
    },
    "created_at": "2026-03-14T07:44:44.489Z",
    "updated_at": "2026-03-15T12:44:42.377Z"
  }
},
{
  "model": "shop.order",
  "pk": 3,
  "fields": {
    "user": 3,
    "order_number": "PP-20260314165104-3",
    "status": "cancelled",
    "subtotal": "153.00",
    "shipping_fee": "0.00",
    "discount": "0.00",
    "total": "153.00",
    "shipping_snapshot": {
      "zip": "1234",
      "addr1": "testing address",
      "addr2": "",
      "phone": "0271112222",
      "recipient": "test user recipient 1"
    },
    "created_at": "2026-03-14T07:51:04.068Z",
    "updated_at": "2026-03-15T12:44:58.391Z"
  }
},
{
  "model": "shop.order",
  "pk": 4,
  "fields": {
    "user": 3,
    "order_number": "PP-20260315010450-3",
    "status": "refunded",
    "subtotal": "124.00",
    "shipping_fee": "0.00",
    "discount": "0.00",
    "total": "124.00",
    "shipping_snapshot": {
      "zip": "1234",
      "addr1": "testing address",
      "addr2": "",
      "phone": "0271112222",
      "recipient": "test user recipient 1"
    },
    "created_at": "2026-03-14T16:04:50.445Z",
    "updated_at": "2026-03-15T12:45:10.929Z"
  }
},
{
  "model": "shop.order",
  "pk": 5,
  "fields": {
    "user": 3,
    "order_number": "PP-20260315214527-3",
    "status": "pending",
    "subtotal": "491.00",
    "shipping_fee": "0.00",
    "discount": "0.00",
    "total": "491.00",
    "shipping_snapshot": {
      "zip": "1010",
      "addr1": "asdf",
      "addr2": "asdf",
      "phone": "0217778888",
      "recipient": "test user recipient 0"
    },
    "created_at": "2026-03-15T12:45:27.056Z",
    "updated_at": "2026-03-15T12:45:27.056Z"
  }
},
{
  "model": "shop.order",
  "pk": 6,
  "fields": {
    "user": 3,
    "order_number": "PP-20260315222426-3",
    "status": "pending",
    "subtotal": "124.00",
    "shipping_fee": "0.00",
    "discount": "0.00",
    "total": "124.00",
    "shipping_snapshot": {
      "zip": "1010",
      "addr1": "asdf",
      "addr2": "asdf",
      "phone": "0217778888",
      "recipient": "test user recipient 0"
    },
    "created_at": "2026-03-15T13:24:26.628Z",
    "updated_at": "2026-03-15T13:24:26.628Z"
  }
},
{
  "model": "shop.order",
  "pk": 7,
  "fields": {
    "user": 3,
    "order_number": "PP-20260320061959-3",
    "status": "pending",
    "subtotal": "168.00",
    "shipping_fee": "0.00",
    "discount": "0.00",
    "total": "168.00",
    "shipping_snapshot": {
      "zip": "1234",
      "addr1": "testing address",
      "addr2": "",
      "phone": "0271112222",
      "recipient": "test user recipient 1"
    },
    "created_at": "2026-03-20T06:19:59.735Z",
    "updated_at": "2026-03-20T06:19:59.735Z"
  }
},
{
  "model": "shop.order",
  "pk": 8,
  "fields": {
    "user": 3,
    "order_number": "PP-20260321102821-3",
    "status": "pending",
    "subtotal": "99.00",
    "shipping_fee": "0.00",
    "discount": "0.00",
    "total": "99.00",
    "shipping_snapshot": {
      "zip": "1010",
      "addr1": "asdf",
      "addr2": "asdf",
      "phone": "0217778888",
      "recipient": "test user recipient 0"
    },
    "created_at": "2026-03-21T10:28:21.056Z",
    "updated_at": "2026-03-21T10:28:21.056Z"
  }
},
{
  "model": "shop.order",
  "pk": 10,
  "fields": {
    "user": 3,
    "order_number": "PP-20260321131037-3",
    "status": "pending",
    "subtotal": "59.00",
    "shipping_fee": "0.00",
    "discount": "0.00",
    "total": "59.00",
    "shipping_snapshot": {
      "zip": "1010",
      "addr1": "asdf",
      "addr2": "asdf",
      "phone": "0217778888",
      "recipient": "test user recipient 0"
    },
    "created_at": "2026-03-21T13:10:37.945Z",
    "updated_at": "2026-03-21T13:10:37.945Z"
  }
},
{
  "model": "shop.orderitem",
  "pk": 1,
  "fields": {
    "order": 1,
    "product": 2,
    "title_snapshot": "Musashi Whey Isolate NZ | Lean Protein & Recovery",
    "unit_price_snapshot": "95.00",
    "image_url_snapshot": "",
    "quantity": 2,
    "line_total": "190.00"
  }
},
{
  "model": "shop.orderitem",
  "pk": 2,
  "fields": {
    "order": 2,
    "product": 1,
    "title_snapshot": "Gold Standard 100% Whey Protein Powder",
    "unit_price_snapshot": "99.00",
    "image_url_snapshot": "",
    "quantity": 1,
    "line_total": "99.00"
  }
},
{
  "model": "shop.orderitem",
  "pk": 3,
  "fields": {
    "order": 3,
    "product": 2,
    "title_snapshot": "Musashi Whey Isolate NZ | Lean Protein & Recovery",
    "unit_price_snapshot": "95.00",
    "image_url_snapshot": "",
    "quantity": 1,
    "line_total": "95.00"
  }
},
{
  "model": "shop.orderitem",
  "pk": 4,
  "fields": {
    "order": 3,
    "product": 3,
    "title_snapshot": "Musashi High Protein Bar NZ | 45g Protein Snack",
    "unit_price_snapshot": "29.00",
    "image_url_snapshot": "",
    "quantity": 2,
    "line_total": "58.00"
  }
},
{
  "model": "shop.orderitem",
  "pk": 5,
  "fields": {
    "order": 4,
    "product": 2,
    "title_snapshot": "Musashi Whey Isolate NZ | Lean Protein & Recovery",
    "unit_price_snapshot": "95.00",
    "image_url_snapshot": "",
    "quantity": 1,
    "line_total": "95.00"
  }
},
{
  "model": "shop.orderitem",
  "pk": 6,
  "fields": {
    "order": 4,
    "product": 3,
    "title_snapshot": "Musashi High Protein Bar NZ | 45g Protein Snack",
    "unit_price_snapshot": "29.00",
    "image_url_snapshot": "",
    "quantity": 1,
    "line_total": "29.00"
  }
},
{
  "model": "shop.orderitem",
  "pk": 7,
  "fields": {
    "order": 5,
    "product": 1,
    "title_snapshot": "Gold Standard 100% Whey Protein Powder",
    "unit_price_snapshot": "99.00",
    "image_url_snapshot": "",
    "quantity": 4,
    "line_total": "396.00"
  }
},
{
  "model": "shop.orderitem",
  "pk": 8,
  "fields": {
    "order": 5,
    "product": 2,
    "title_snapshot": "Musashi Whey Isolate NZ | Lean Protein & Recovery",
    "unit_price_snapshot": "95.00",
    "image_url_snapshot": "",
    "quantity": 1,
    "line_total": "95.00"
  }
},
{
  "model": "shop.orderitem",
  "pk": 9,
  "fields": {
    "order": 6,
    "product": 2,
    "title_snapshot": "Musashi Whey Isolate NZ | Lean Protein & Recovery",
    "unit_price_snapshot": "95.00",
    "image_url_snapshot": "",
    "quantity": 1,
    "line_total": "95.00"
  }
},
{
  "model": "shop.orderitem",
  "pk": 10,
  "fields": {
    "order": 6,
    "product": 3,
    "title_snapshot": "Musashi High Protein Bar NZ | 45g Protein Snack",
    "unit_price_snapshot": "29.00",
    "image_url_snapshot": "",
    "quantity": 1,
    "line_total": "29.00"
  }
},
{
  "model": "shop.orderitem",
  "pk": 11,
  "fields": {
    "order": 7,
    "product": 5,
    "title_snapshot": "Optimum Nutrition Gold Standard Isolate NZ | Whey Isolate",
    "unit_price_snapshot": "109.00",
    "image_url_snapshot": "",
    "quantity": 1,
    "line_total": "109.00"
  }
},
{
  "model": "shop.orderitem",
  "pk": 12,
  "fields": {
    "order": 7,
    "product": 4,
    "title_snapshot": "Balance Plant Protein",
    "unit_price_snapshot": "59.00",
    "image_url_snapshot": "",
    "quantity": 1,
    "line_total": "59.00"
  }
},
{
  "model": "shop.orderitem",
  "pk": 13,
  "fields": {
    "order": 8,
    "product": 1,
    "title_snapshot": "Gold Standard 100% Whey Protein Powder",
    "unit_price_snapshot": "99.00",
    "image_url_snapshot": "",
    "quantity": 1,
    "line_total": "99.00"
  }
},
{
  "model": "shop.orderitem",
  "pk": 15,
  "fields": {
    "order": 10,
    "product": 4,
    "title_snapshot": "Balance Plant Protein",
    "unit_price_snapshot": "59.00",
    "image_url_snapshot": "",
    "quantity": 1,
    "line_total": "59.00"
  }
}
]
